collected_at,sport,game_id,gamecode,source,book,kind,entry_idx,ts_iso,ts_date,ts_time,ts_rel,side,team,spread,spread_handle_pct,spread_bets_pct,total,total_handle_pct,total_bets_pct,ml,ml_handle_pct,ml_bets_pct
2026-09-30T04:28:17,nfl,nfl_20261001_pittsburgh_steelers_cleveland_browns,20261001NFL00037,DK,draftkings,open,1,2026-05-14T21:20:00,May 14,9:20 PM ET,138d ago,away,Pittsburgh Steelers,-2.5,97.0,50.0,40.5,100.0,100.0,-135.0,4.0,50.0
2026-09-30T04:28:17,nfl,nfl_20261001_pittsburgh_steelers_cleveland_browns,20261001NFL00037,DK,draftkings,open,1,2026-05-14T21:20:00,May 14,9:20 PM ET,138d ago,home,Cleveland Browns,2.5,3.0,50.0,40.5,0.0,0.0,114.0,96.0,50.0
2026-09-30T04:28:17,nfl,nfl_20261001_pittsburgh_steelers_cleveland_browns,20261001NFL00037,DK,draftkings,change,2,2026-09-30T03:10:00,Sep 30,3:10 AM ET,1h ago,away,Pittsburgh Steelers,-2.5,71.0,58.0,38.5,6.0,39.0,-148.0,69.0,68.0
2026-09-30T04:28:17,nfl,nfl_20261001_pittsburgh_steelers_cleveland_browns,20261001NFL00037,DK,draftkings,change,2,2026-09-30T03:10:00,Sep 30,3:10 AM ET,1h ago,home,Cleveland Browns,2.5,29.0,42.0,38.5,94.0,61.0,124.0,31.0,32.0
2026-09-30T04:28:17,nfl,nfl_20261001_pittsburgh_steelers_cleveland_browns,20261001NFL00037,DK,draftkings,change,3,2026-09-30T03:05:00,Sep 30,3:05 AM ET,1h ago,away,Pittsburgh Steelers,-2.5,71.0,59.0,38.5,6.0,39.0,-148.0,69.0,68.0
2026-09-30T04:28:17,nfl,nfl_20261001_pittsburgh_steelers_cleveland_browns,20261001NFL00037,DK,draftkings,change,3,2026-09-30T03:05:00,Sep 30,3:05 AM ET,1h ago,home,Cleveland Browns,2.5,29.0,41.0,38.5,94.0,61.0,124.0,31.0,32.0
2026-09-30T04:28:17,nfl,nfl_20261001_pittsburgh_steelers_cleveland_browns,20261001NFL00037,DK,draftkings,change,4,2026-09-30T02:25:00,Sep 30,2:25 AM ET,2h ago,away,Pittsburgh Steelers,-2.5,71.0,59.0,38.5,5.0,39.0,-148.0,69.0,68.0
2026-09-30T04:28:17,nfl,nfl_20261001_pittsburgh_steelers_cleveland_browns,20261001NFL00037,DK,draftkings,change,4,2026-09-30T02:25:00,Sep 30,2:25 AM ET,2h ago,home,Cleveland Browns,2.5,29.0,41.0,38.5,95.0,61.0,124.0,31.0,32.0
2026-09-30T04:28:17,nfl,nfl_20261001_pittsburgh_steelers_cleveland_browns,20261001NFL00037,DK,draftkings,change,5,2026-09-30T01:35:00,Sep 30,1:35 AM ET,2h ago,away,Pittsburgh Steelers,-2.5,71.0,59.0,38.5,5.0,38.0,-148.0,69.0,68.0
2026-09-30T04:28:17,nfl,nfl_20261001_pittsburgh_steelers_cleveland_browns,20261001NFL00037,DK,draftkings,change,5,2026-09-30T01:35:00,Sep 30,1:35 AM ET,2h ago,home,Cleveland Browns,2.5,29.0,41.0,38.5,95.0,62.0,124.0,31.0,32.0
2026-09-30T04:28:17,nfl,nfl_20261001_pittsburgh_steelers_cleveland_browns,20261001NFL00037,DK,draftkings,change,6,2026-09-30T01:30:00,Sep 30,1:30 AM ET,2h ago,away,Pittsburgh Steelers,-2.5,71.0,59.0,38.5,5.0,38.0,-148.0,69.0,69.0
2026-09-30T04:28:17,nfl,nfl_20261001_pittsburgh_steelers_cleveland_browns,20261001NFL00037,DK,draftkings,change,6,2026-09-30T01:30:00,Sep 30,1:30 AM ET,2h ago,home,Cleveland Browns,2.5,29.0,41.0,38.5,95.0,62.0,124.0,31.0,31.0
2026-09-30T04:28:17,nfl,nfl_20261001_pittsburgh_steelers_cleveland_browns,20261001NFL00037,DK,draftkings,change,7,2026-09-30T01:25:00,Sep 30,1:25 AM ET,3h ago,away,Pittsburgh Steelers,-2.5,70.0,59.0,38.5,5.0,38.0,-148.0,69.0,69.0
2026-09-30T04:28:17,nfl,nfl_20261001_pittsburgh_steelers_cleveland_browns,20261001NFL00037,DK,draftkings,change,7,2026-09-30T01:25:00,Sep 30,1:25 AM ET,3h ago,home,Cleveland Browns,2.5,30.0,41.0,38.5,95.0,62.0,124.0,31.0,31.0
2026-09-30T04:28:17,nfl,nfl_20261001_pittsburgh_steelers_cleveland_browns,20261001NFL00037,DK,draftkings,change,8,2026-09-30T01:20:00,Sep 30,1:20 AM ET,3h ago,away,Pittsburgh Steelers,-2.5,70.0,59.0,38.5,5.0,37.0,-148.0,69.0,69.0
2026-09-30T04:28:17,nfl,nfl_20261001_pittsburgh_steelers_cleveland_browns,20261001NFL00037,DK,draftkings,change,8,2026-09-30T01:20:00,Sep 30,1:20 AM ET,3h ago,home,Cleveland Browns,2.5,30.0,41.0,38.5,95.0,63.0,124.0,31.0,31.0
2026-09-30T04:28:17,nfl,nfl_20261001_pittsburgh_steelers_cleveland_browns,20261001NFL00037,DK,draftkings,change,9,2026-09-30T01:00:00,Sep 30,1:00 AM ET,3h ago,away,Pittsburgh Steelers,-2.5,70.0,59.0,38.5,5.0,38.0,-148.0,69.0,69.0
2026-09-30T04:28:17,nfl,nfl_20261001_pittsburgh_steelers_cleveland_browns,20261001NFL00037,DK,draftkings,change,9,2026-09-30T01:00:00,Sep 30,1:00 AM ET,3h ago,home,Cleveland Browns,2.5,30.0,41.0,38.5,95.0,63.0,124.0,31.0,31.0
2026-09-30T04:28:17,nfl,nfl_20261001_pittsburgh_steelers_cleveland_browns,20261001NFL00037,DK,draftkings,change,10,2026-09-30T00:55:00,Sep 30,12:55 AM ET,3h ago,away,Pittsburgh Steelers,-2.5,70.0,59.0,38.5,5.0,38.0,-148.0,70.0,69.0
2026-09-30T04:28:17,nfl,nfl_20261001_pittsburgh_steelers_cleveland_browns,20261001NFL00037,DK,draftkings,change,10,2026-09-30T00:55:00,Sep 30,12:55 AM ET,3h ago,home,Cleveland Browns,2.5,30.0,41.0,38.5,95.0,63.0,124.0,30.0,31.0
2026-09-30T04:28:17,nfl,nfl_20261001_pittsburgh_steelers_cleveland_browns,20261001NFL00037,DK,draftkings,change,11,2026-09-30T00:50:00,Sep 30,12:50 AM ET,3h ago,away,Pittsburgh Steelers,-2.5,70.0,59.0,38.5,5.0,37.0,-148.0,69.0,69.0
2026-09-30T04:28:17,nfl,nfl_20261001_pittsburgh_steelers_cleveland_browns,20261001NFL00037,DK,draftkings,change,11,2026-09-30T00:50:00,Sep 30,12:50 AM ET,3h ago,home,Cleveland Browns,2.5,30.0,41.0,38.5,95.0,63.0,124.0,31.0,31.0
2026-09-30T04:28:17,nfl,nfl_20261001_pittsburgh_steelers_cleveland_browns,20261001NFL00037,DK,draftkings,change,12,2026-09-29T23:30:00,Sep 29,11:30 PM ET,4h ago,away,Pittsburgh Steelers,-2.5,70.0,59.0,38.5,5.0,37.0,-148.0,70.0,69.0
2026-09-30T04:28:17,nfl,nfl_20261001_pittsburgh_steelers_cleveland_browns,20261001NFL00037,DK,draftkings,change,12,2026-09-29T23:30:00,Sep 29,11:30 PM ET,4h ago,home,Cleveland Browns,2.5,30.0,41.0,38.5,95.0,63.0,124.0,30.0,31.0
2026-09-30T04:28:17,nfl,nfl_20261001_pittsburgh_steelers_cleveland_browns,20261001NFL00037,DK,draftkings,change,13,2026-09-29T23:25:00,Sep 29,11:25 PM ET,5h ago,away,Pittsburgh Steelers,-2.5,70.0,58.0,38.5,5.0,37.0,-148.0,70.0,69.0
2026-09-30T04:28:17,nfl,nfl_20261001_pittsburgh_steelers_cleveland_browns,20261001NFL00037,DK,draftkings,change,13,2026-09-29T23:25:00,Sep 29,11:25 PM ET,5h ago,home,Cleveland Browns,2.5,30.0,42.0,38.5,95.0,63.0,124.0,30.0,31.0
2026-09-30T04:28:17,nfl,nfl_20261001_pittsburgh_steelers_cleveland_browns,20261001NFL00037,DK,draftkings,change,14,2026-09-29T23:20:00,Sep 29,11:20 PM ET,5h ago,away,Pittsburgh Steelers,-2.5,71.0,58.0,38.5,5.0,37.0,-148.0,70.0,69.0
2026-09-30T04:28:17,nfl,nfl_20261001_pittsburgh_steelers_cleveland_browns,20261001NFL00037,DK,draftkings,change,14,2026-09-29T23:20:00,Sep 29,11:20 PM ET,5h ago,home,Cleveland Browns,2.5,29.0,42.0,38.5,95.0,63.0,124.0,30.0,31.0
2026-09-30T04:28:17,nfl,nfl_20261001_pittsburgh_steelers_cleveland_browns,20261001NFL00037,DK,draftkings,change,15,2026-09-29T23:00:00,Sep 29,11:00 PM ET,5h ago,away,Pittsburgh Steelers,-2.5,71.0,59.0,38.5,5.0,37.0,-148.0,70.0,68.0
2026-09-30T04:28:17,nfl,nfl_20261001_pittsburgh_steelers_cleveland_browns,20261001NFL00037,DK,draftkings,change,15,2026-09-29T23:00:00,Sep 29,11:00 PM ET,5h ago,home,Cleveland Browns,2.5,29.0,41.0,38.5,95.0,63.0,124.0,30.0,32.0
2026-09-30T04:28:17,nfl,nfl_20261001_pittsburgh_steelers_cleveland_browns,20261001NFL00037,DK,draftkings,change,16,2026-09-29T22:40:00,Sep 29,10:40 PM ET,5h ago,away,Pittsburgh Steelers,-2.5,68.0,59.0,38.5,5.0,37.0,-148.0,70.0,68.0
2026-09-30T04:28:17,nfl,nfl_20261001_pittsburgh_steelers_cleveland_browns,20261001NFL00037,DK,draftkings,change,16,2026-09-29T22:40:00,Sep 29,10:40 PM ET,5h ago,home,Cleveland Browns,2.5,32.0,41.0,38.5,95.0,63.0,124.0,30.0,32.0
2026-09-30T04:28:17,nfl,nfl_20261001_pittsburgh_steelers_cleveland_browns,20261001NFL00037,DK,draftkings,change,17,2026-09-29T22:35:00,Sep 29,10:35 PM ET,5h ago,away,Pittsburgh Steelers,-2.5,66.0,59.0,38.5,5.0,37.0,-148.0,70.0,68.0
2026-09-30T04:28:17,nfl,nfl_20261001_pittsburgh_steelers_cleveland_browns,20261001NFL00037,DK,draftkings,change,17,2026-09-29T22:35:00,Sep 29,10:35 PM ET,5h ago,home,Cleveland Browns,2.5,34.0,41.0,38.5,95.0,63.0,124.0,30.0,32.0
2026-09-30T04:28:17,nfl,nfl_20261001_pittsburgh_steelers_cleveland_browns,20261001NFL00037,DK,draftkings,change,18,2026-09-29T22:30:00,Sep 29,10:30 PM ET,5h ago,away,Pittsburgh Steelers,-2.5,66.0,59.0,38.5,5.0,37.0,-148.0,70.0,69.0
2026-09-30T04:28:17,nfl,nfl_20261001_pittsburgh_steelers_cleveland_browns,20261001NFL00037,DK,draftkings,change,18,2026-09-29T22:30:00,Sep 29,10:30 PM ET,5h ago,home,Cleveland Browns,2.5,34.0,41.0,38.5,95.0,63.0,124.0,30.0,31.0
2026-09-30T04:28:17,nfl,nfl_20261001_pittsburgh_steelers_cleveland_browns,20261001NFL00037,DK,draftkings,change,19,2026-09-29T22:25:00,Sep 29,10:25 PM ET,6h ago,away,Pittsburgh Steelers,-2.5,65.0,59.0,38.5,5.0,37.0,-148.0,70.0,69.0
2026-09-30T04:28:17,nfl,nfl_20261001_pittsburgh_steelers_cleveland_browns,20261001NFL00037,DK,draftkings,change,19,2026-09-29T22:25:00,Sep 29,10:25 PM ET,6h ago,home,Cleveland Browns,2.5,35.0,41.0,38.5,95.0,63.0,124.0,30.0,31.0
2026-09-30T04:28:17,nfl,nfl_20261001_pittsburgh_steelers_cleveland_browns,20261001NFL00037,DK,draftkings,change,20,2026-09-29T22:10:00,Sep 29,10:10 PM ET,6h ago,away,Pittsburgh Steelers,-2.5,66.0,59.0,38.5,5.0,37.0,-148.0,70.0,69.0
2026-09-30T04:28:17,nfl,nfl_20261001_pittsburgh_steelers_cleveland_browns,20261001NFL00037,DK,draftkings,change,20,2026-09-29T22:10:00,Sep 29,10:10 PM ET,6h ago,home,Cleveland Browns,2.5,34.0,41.0,38.5,95.0,63.0,124.0,30.0,31.0
2026-09-30T04:28:17,nfl,nfl_20261001_pittsburgh_steelers_cleveland_browns,20261001NFL00037,DK,draftkings,change,21,2026-09-29T22:00:00,Sep 29,10:00 PM ET,6h ago,away,Pittsburgh Steelers,-2.5,66.0,59.0,38.5,5.0,36.0,-148.0,70.0,69.0
2026-09-30T04:28:17,nfl,nfl_20261001_pittsburgh_steelers_cleveland_browns,20261001NFL00037,DK,draftkings,change,21,2026-09-29T22:00:00,Sep 29,10:00 PM ET,6h ago,home,Cleveland Browns,2.5,34.0,41.0,38.5,95.0,64.0,124.0,30.0,31.0
2026-09-30T04:28:17,nfl,nfl_20261001_pittsburgh_steelers_cleveland_browns,20261001NFL00037,DK,draftkings,change,22,2026-09-29T21:20:00,Sep 29,9:20 PM ET,7h ago,away,Pittsburgh Steelers,-2.5,67.0,59.0,38.5,5.0,36.0,-148.0,70.0,69.0
2026-09-30T04:28:17,nfl,nfl_20261001_pittsburgh_steelers_cleveland_browns,20261001NFL00037,DK,draftkings,change,22,2026-09-29T21:20:00,Sep 29,9:20 PM ET,7h ago,home,Cleveland Browns,2.5,33.0,41.0,38.5,95.0,64.0,124.0,30.0,31.0
2026-09-30T04:28:17,nfl,nfl_20261001_pittsburgh_steelers_cleveland_browns,20261001NFL00037,DK,draftkings,change,23,2026-09-29T21:15:00,Sep 29,9:15 PM ET,7h ago,away,Pittsburgh Steelers,-2.5,67.0,59.0,38.5,5.0,36.0,-148.0,71.0,69.0
2026-09-30T04:28:17,nfl,nfl_20261001_pittsburgh_steelers_cleveland_browns,20261001NFL00037,DK,draftkings,change,23,2026-09-29T21:15:00,Sep 29,9:15 PM ET,7h ago,home,Cleveland Browns,2.5,33.0,41.0,38.5,95.0,64.0,124.0,29.0,31.0
2026-09-30T04:28:17,nfl,nfl_20261001_pittsburgh_steelers_cleveland_browns,20261001NFL00037,DK,draftkings,change,24,2026-09-29T20:55:00,Sep 29,8:55 PM ET,7h ago,away,Pittsburgh Steelers,-2.5,66.0,59.0,38.5,5.0,36.0,-148.0,71.0,69.0
2026-09-30T04:28:17,nfl,nfl_20261001_pittsburgh_steelers_cleveland_browns,20261001NFL00037,DK,draftkings,change,24,2026-09-29T20:55:00,Sep 29,8:55 PM ET,7h ago,home,Cleveland Browns,2.5,34.0,41.0,38.5,95.0,64.0,124.0,29.0,31.0
2026-09-30T04:28:17,nfl,nfl_20261001_pittsburgh_steelers_cleveland_browns,20261001NFL00037,DK,draftkings,change,25,2026-09-29T20:20:00,Sep 29,8:20 PM ET,8h ago,away,Pittsburgh Steelers,-2.5,66.0,59.0,38.5,5.0,35.0,-148.0,71.0,69.0
2026-09-30T04:28:17,nfl,nfl_20261001_pittsburgh_steelers_cleveland_browns,20261001NFL00037,DK,draftkings,change,25,2026-09-29T20:20:00,Sep 29,8:20 PM ET,8h ago,home,Cleveland Browns,2.5,34.0,41.0,38.5,95.0,65.0,124.0,29.0,31.0
2026-09-30T04:28:17,nfl,nfl_20261001_pittsburgh_steelers_cleveland_browns,20261001NFL00037,DK,draftkings,change,26,2026-09-29T20:00:00,Sep 29,8:00 PM ET,8h ago,away,Pittsburgh Steelers,-2.5,67.0,59.0,38.5,5.0,35.0,-148.0,71.0,69.0
2026-09-30T04:28:17,nfl,nfl_20261001_pittsburgh_steelers_cleveland_browns,20261001NFL00037,DK,draftkings,change,26,2026-09-29T20:00:00,Sep 29,8:00 PM ET,8h ago,home,Cleveland Browns,2.5,33.0,41.0,38.5,95.0,65.0,124.0,29.0,31.0
2026-09-30T04:28:18,nfl,nfl_20261001_pittsburgh_steelers_cleveland_browns,20261001NFL00037,CIRCA,circa,open,1,2026-09-27T21:00:00,Sep 27,9:00 PM ET,2d ago,away,Pittsburgh Steelers,-2.5,50.0,50.0,37.5,50.0,50.0,-140.0,50.0,50.0
2026-09-30T04:28:18,nfl,nfl_20261001_pittsburgh_steelers_cleveland_browns,20261001NFL00037,CIRCA,circa,open,1,2026-09-27T21:00:00,Sep 27,9:00 PM ET,2d ago,home,Cleveland Browns,2.5,50.0,50.0,37.5,50.0,50.0,120.0,50.0,50.0
2026-09-30T04:28:18,nfl,nfl_20261001_pittsburgh_steelers_cleveland_browns,20261001NFL00037,CIRCA,circa,change,2,2026-09-30T02:50:00,Sep 30,2:50 AM ET,1h ago,away,Pittsburgh Steelers,-3.0,63.0,38.0,38.5,99.0,83.0,-145.0,99.0,89.0
2026-09-30T04:28:18,nfl,nfl_20261001_pittsburgh_steelers_cleveland_browns,20261001NFL00037,CIRCA,circa,change,2,2026-09-30T02:50:00,Sep 30,2:50 AM ET,1h ago,home,Cleveland Browns,3.0,37.0,63.0,38.5,1.0,17.0,125.0,1.0,11.0
2026-09-30T04:28:18,nfl,nfl_20261001_pittsburgh_steelers_cleveland_browns,20261001NFL00037,CIRCA,circa,change,3,2026-09-30T00:50:00,Sep 30,12:50 AM ET,3h ago,away,Pittsburgh Steelers,-3.0,63.0,39.0,38.5,99.0,83.0,-145.0,99.0,89.0
2026-09-30T04:28:18,nfl,nfl_20261001_pittsburgh_steelers_cleveland_browns,20261001NFL00037,CIRCA,circa,change,3,2026-09-30T00:50:00,Sep 30,12:50 AM ET,3h ago,home,Cleveland Browns,3.0,37.0,61.0,38.5,1.0,17.0,125.0,1.0,11.0
2026-09-30T04:28:18,nfl,nfl_20261001_pittsburgh_steelers_cleveland_browns,20261001NFL00037,CIRCA,circa,change,4,2026-09-30T00:35:00,Sep 30,12:35 AM ET,3h ago,away,Pittsburgh Steelers,-3.0,63.0,41.0,38.5,99.0,83.0,-145.0,99.0,89.0
2026-09-30T04:28:18,nfl,nfl_20261001_pittsburgh_steelers_cleveland_browns,20261001NFL00037,CIRCA,circa,change,4,2026-09-30T00:35:00,Sep 30,12:35 AM ET,3h ago,home,Cleveland Browns,3.0,37.0,59.0,38.5,1.0,17.0,125.0,1.0,11.0
2026-09-30T04:28:18,nfl,nfl_20261001_pittsburgh_steelers_cleveland_browns,20261001NFL00037,CIRCA,circa,change,5,2026-09-30T00:10:00,Sep 30,12:10 AM ET,4h ago,away,Pittsburgh Steelers,-3.0,64.0,43.0,38.5,99.0,83.0,-145.0,99.0,89.0
2026-09-30T04:28:18,nfl,nfl_20261001_pittsburgh_steelers_cleveland_browns,20261001NFL00037,CIRCA,circa,change,5,2026-09-30T00:10:00,Sep 30,12:10 AM ET,4h ago,home,Cleveland Browns,3.0,36.0,57.0,38.5,1.0,17.0,125.0,1.0,11.0
2026-09-30T04:28:18,nfl,nfl_20261001_pittsburgh_steelers_cleveland_browns,20261001NFL00037,CIRCA,circa,change,6,2026-09-29T23:15:00,Sep 29,11:15 PM ET,5h ago,away,Pittsburgh Steelers,-3.0,64.0,40.0,38.5,99.0,83.0,-145.0,99.0,89.0
2026-09-30T04:28:18,nfl,nfl_20261001_pittsburgh_steelers_cleveland_browns,20261001NFL00037,CIRCA,circa,change,6,2026-09-29T23:15:00,Sep 29,11:15 PM ET,5h ago,home,Cleveland Browns,3.0,36.0,60.0,38.5,1.0,17.0,125.0,1.0,11.0
2026-09-30T04:28:18,nfl,nfl_20261001_pittsburgh_steelers_cleveland_browns,20261001NFL00037,CIRCA,circa,change,7,2026-09-29T22:35:00,Sep 29,10:35 PM ET,5h ago,away,Pittsburgh Steelers,-3.0,64.0,42.0,38.5,99.0,83.0,-145.0,99.0,89.0
2026-09-30T04:28:18,nfl,nfl_20261001_pittsburgh_steelers_cleveland_browns,20261001NFL00037,CIRCA,circa,change,7,2026-09-29T22:35:00,Sep 29,10:35 PM ET,5h ago,home,Cleveland Browns,3.0,36.0,58.0,38.5,1.0,17.0,125.0,1.0,11.0
2026-09-30T04:28:18,nfl,nfl_20261001_pittsburgh_steelers_cleveland_browns,20261001NFL00037,CIRCA,circa,change,8,2026-09-29T21:55:00,Sep 29,9:55 PM ET,6h ago,away,Pittsburgh Steelers,-3.0,65.0,44.0,38.5,99.0,83.0,-145.0,99.0,89.0
2026-09-30T04:28:18,nfl,nfl_20261001_pittsburgh_steelers_cleveland_browns,20261001NFL00037,CIRCA,circa,change,8,2026-09-29T21:55:00,Sep 29,9:55 PM ET,6h ago,home,Cleveland Browns,3.0,35.0,56.0,38.5,1.0,17.0,125.0,1.0,11.0
2026-09-30T04:28:18,nfl,nfl_20261001_pittsburgh_steelers_cleveland_browns,20261001NFL00037,CIRCA,circa,change,9,2026-09-29T21:25:00,Sep 29,9:25 PM ET,7h ago,away,Pittsburgh Steelers,-3.0,65.0,44.0,38.5,99.0,80.0,-145.0,99.0,89.0
2026-09-30T04:28:18,nfl,nfl_20261001_pittsburgh_steelers_cleveland_browns,20261001NFL00037,CIRCA,circa,change,9,2026-09-29T21:25:00,Sep 29,9:25 PM ET,7h ago,home,Cleveland Browns,3.0,35.0,56.0,38.5,1.0,20.0,125.0,1.0,11.0
2026-09-30T04:28:18,nfl,nfl_20261001_pittsburgh_steelers_cleveland_browns,20261001NFL00037,CIRCA,circa,change,10,2026-09-29T21:00:00,Sep 29,9:00 PM ET,7h ago,away,Pittsburgh Steelers,-3.0,66.0,47.0,38.5,99.0,80.0,-145.0,99.0,89.0
2026-09-30T04:28:18,nfl,nfl_20261001_pittsburgh_steelers_cleveland_browns,20261001NFL00037,CIRCA,circa,change,10,2026-09-29T21:00:00,Sep 29,9:00 PM ET,7h ago,home,Cleveland Browns,3.0,34.0,53.0,38.5,1.0,20.0,125.0,1.0,11.0
2026-09-30T04:28:18,nfl,nfl_20261001_pittsburgh_steelers_cleveland_browns,20261001NFL00037,CIRCA,circa,change,11,2026-09-29T20:30:00,Sep 29,8:30 PM ET,7h ago,away,Pittsburgh Steelers,-3.0,66.0,47.0,38.5,99.0,80.0,-145.0,99.0,88.0
2026-09-30T04:28:18,nfl,nfl_20261001_pittsburgh_steelers_cleveland_browns,20261001NFL00037,CIRCA,circa,change,11,2026-09-29T20:30:00,Sep 29,8:30 PM ET,7h ago,home,Cleveland Browns,3.0,34.0,53.0,38.5,1.0,20.0,125.0,1.0,13.0
2026-09-30T04:28:18,nfl,nfl_20261001_pittsburgh_steelers_cleveland_browns,20261001NFL00037,CIRCA,circa,change,12,2026-09-29T20:25:00,Sep 29,8:25 PM ET,8h ago,away,Pittsburgh Steelers,-3.0,65.0,44.0,38.5,99.0,80.0,-145.0,99.0,88.0
2026-09-30T04:28:18,nfl,nfl_20261001_pittsburgh_steelers_cleveland_browns,20261001NFL00037,CIRCA,circa,change,12,2026-09-29T20:25:00,Sep 29,8:25 PM ET,8h ago,home,Cleveland Browns,3.0,35.0,56.0,38.5,1.0,20.0,125.0,1.0,13.0
2026-09-30T04:28:18,nfl,nfl_20261001_pittsburgh_steelers_cleveland_browns,20261001NFL00037,CIRCA,circa,change,13,2026-09-29T19:40:00,Sep 29,7:40 PM ET,8h ago,away,Pittsburgh Steelers,-3.0,68.0,47.0,38.5,99.0,80.0,-145.0,99.0,88.0
2026-09-30T04:28:18,nfl,nfl_20261001_pittsburgh_steelers_cleveland_browns,20261001NFL00037,CIRCA,circa,change,13,2026-09-29T19:40:00,Sep 29,7:40 PM ET,8h ago,home,Cleveland Browns,3.0,32.0,53.0,38.5,1.0,20.0,125.0,1.0,13.0
2026-09-30T04:28:18,nfl,nfl_20261001_pittsburgh_steelers_cleveland_browns,20261001NFL00037,CIRCA,circa,change,14,2026-09-29T18:30:00,Sep 29,6:30 PM ET,9h ago,away,Pittsburgh Steelers,-2.5,5.0,43.0,38.5,99.0,80.0,-140.0,99.0,88.0
2026-09-30T04:28:18,nfl,nfl_20261001_pittsburgh_steelers_cleveland_browns,20261001NFL00037,CIRCA,circa,change,14,2026-09-29T18:30:00,Sep 29,6:30 PM ET,9h ago,home,Cleveland Browns,2.5,95.0,57.0,38.5,1.0,20.0,120.0,1.0,13.0
2026-09-30T04:28:18,nfl,nfl_20261001_pittsburgh_steelers_cleveland_browns,20261001NFL00037,CIRCA,circa,change,15,2026-09-29T17:45:00,Sep 29,5:45 PM ET,10h ago,away,Pittsburgh Steelers,-2.5,5.0,43.0,38.5,99.0,80.0,-140.0,89.0,86.0
2026-09-30T04:28:18,nfl,nfl_20261001_pittsburgh_steelers_cleveland_browns,20261001NFL00037,CIRCA,circa,change,15,2026-09-29T17:45:00,Sep 29,5:45 PM ET,10h ago,home,Cleveland Browns,2.5,95.0,57.0,38.5,1.0,20.0,120.0,11.0,14.0
2026-09-30T04:28:18,nfl,nfl_20261001_pittsburgh_steelers_cleveland_browns,20261001NFL00037,CIRCA,circa,change,16,2026-09-29T17:35:00,Sep 29,5:35 PM ET,10h ago,away,Pittsburgh Steelers,-2.5,2.0,38.0,38.5,99.0,80.0,-140.0,84.0,83.0
2026-09-30T04:28:18,nfl,nfl_20261001_pittsburgh_steelers_cleveland_browns,20261001NFL00037,CIRCA,circa,change,16,2026-09-29T17:35:00,Sep 29,5:35 PM ET,10h ago,home,Cleveland Browns,2.5,98.0,62.0,38.5,1.0,20.0,120.0,16.0,17.0
2026-09-30T04:28:18,nfl,nfl_20261001_pittsburgh_steelers_cleveland_browns,20261001NFL00037,CIRCA,circa,change,17,2026-09-29T17:10:00,Sep 29,5:10 PM ET,11h ago,away,Pittsburgh Steelers,-2.5,2.0,38.0,38.5,96.0,75.0,-145.0,84.0,83.0
2026-09-30T04:28:18,nfl,nfl_20261001_pittsburgh_steelers_cleveland_browns,20261001NFL00037,CIRCA,circa,change,17,2026-09-29T17:10:00,Sep 29,5:10 PM ET,11h ago,home,Cleveland Browns,2.5,98.0,62.0,38.5,4.0,25.0,125.0,16.0,17.0
2026-09-30T04:28:18,nfl,nfl_20261001_pittsburgh_steelers_cleveland_browns,20261001NFL00037,CIRCA,circa,change,18,2026-09-29T16:55:00,Sep 29,4:55 PM ET,11h ago,away,Pittsburgh Steelers,-2.5,25.0,42.0,38.5,96.0,75.0,-145.0,84.0,83.0
2026-09-30T04:28:18,nfl,nfl_20261001_pittsburgh_steelers_cleveland_browns,20261001NFL00037,CIRCA,circa,change,18,2026-09-29T16:55:00,Sep 29,4:55 PM ET,11h ago,home,Cleveland Browns,2.5,75.0,58.0,38.5,4.0,25.0,125.0,16.0,17.0
2026-09-30T04:28:18,nfl,nfl_20261001_pittsburgh_steelers_cleveland_browns,20261001NFL00037,CIRCA,circa,change,19,2026-09-29T16:20:00,Sep 29,4:20 PM ET,12h ago,away,Pittsburgh Steelers,-2.5,6.0,40.0,38.5,96.0,75.0,-145.0,84.0,83.0
2026-09-30T04:28:18,nfl,nfl_20261001_pittsburgh_steelers_cleveland_browns,20261001NFL00037,CIRCA,circa,change,19,2026-09-29T16:20:00,Sep 29,4:20 PM ET,12h ago,home,Cleveland Browns,2.5,94.0,60.0,38.5,4.0,25.0,125.0,16.0,17.0
2026-09-30T04:28:18,nfl,nfl_20261001_pittsburgh_steelers_cleveland_browns,20261001NFL00037,CIRCA,circa,change,20,2026-09-29T14:45:00,Sep 29,2:45 PM ET,13h ago,away,Pittsburgh Steelers,-2.5,7.0,44.0,38.5,96.0,75.0,-145.0,84.0,83.0
2026-09-30T04:28:18,nfl,nfl_20261001_pittsburgh_steelers_cleveland_browns,20261001NFL00037,CIRCA,circa,change,20,2026-09-29T14:45:00,Sep 29,2:45 PM ET,13h ago,home,Cleveland Browns,2.5,93.0,56.0,38.5,4.0,25.0,125.0,16.0,17.0
2026-09-30T04:28:18,nfl,nfl_20261001_pittsburgh_steelers_cleveland_browns,20261001NFL00037,CIRCA,circa,change,21,2026-09-29T13:40:00,Sep 29,1:40 PM ET,14h ago,away,Pittsburgh Steelers,-2.5,27.0,50.0,38.5,96.0,75.0,-145.0,84.0,83.0
2026-09-30T04:28:18,nfl,nfl_20261001_pittsburgh_steelers_cleveland_browns,20261001NFL00037,CIRCA,circa,change,21,2026-09-29T13:40:00,Sep 29,1:40 PM ET,14h ago,home,Cleveland Browns,2.5,73.0,50.0,38.5,4.0,25.0,125.0,16.0,17.0
2026-09-30T04:28:18,nfl,nfl_20261001_pittsburgh_steelers_cleveland_browns,20261001NFL00037,CIRCA,circa,change,22,2026-09-29T08:50:00,Sep 29,8:50 AM ET,19h ago,away,Pittsburgh Steelers,-2.5,27.0,50.0,38.5,96.0,67.0,-145.0,84.0,83.0
2026-09-30T04:28:18,nfl,nfl_20261001_pittsburgh_steelers_cleveland_browns,20261001NFL00037,CIRCA,circa,change,22,2026-09-29T08:50:00,Sep 29,8:50 AM ET,19h ago,home,Cleveland Browns,2.5,73.0,50.0,38.5,4.0,33.0,125.0,16.0,17.0
2026-09-30T04:28:18,nfl,nfl_20261001_pittsburgh_steelers_cleveland_browns,20261001NFL00037,CIRCA,circa,change,23,2026-09-29T03:50:00,Sep 29,3:50 AM ET,1d ago,away,Pittsburgh Steelers,-2.5,27.0,50.0,38.5,94.0,50.0,-145.0,84.0,83.0
2026-09-30T04:28:18,nfl,nfl_20261001_pittsburgh_steelers_cleveland_browns,20261001NFL00037,CIRCA,circa,change,23,2026-09-29T03:50:00,Sep 29,3:50 AM ET,1d ago,home,Cleveland Browns,2.5,73.0,50.0,38.5,6.0,50.0,125.0,16.0,17.0
2026-09-30T04:28:18,nfl,nfl_20261001_pittsburgh_steelers_cleveland_browns,20261001NFL00037,CIRCA,circa,change,24,2026-09-28T22:55:00,Sep 28,10:55 PM ET,1d ago,away,Pittsburgh Steelers,-2.5,27.0,50.0,38.5,94.0,50.0,-145.0,66.0,80.0
2026-09-30T04:28:18,nfl,nfl_20261001_pittsburgh_steelers_cleveland_browns,20261001NFL00037,CIRCA,circa,change,24,2026-09-28T22:55:00,Sep 28,10:55 PM ET,1d ago,home,Cleveland Browns,2.5,73.0,50.0,38.5,6.0,50.0,125.0,34.0,20.0
2026-09-30T04:28:18,nfl,nfl_20261001_pittsburgh_steelers_cleveland_browns,20261001NFL00037,CIRCA,circa,change,25,2026-09-28T18:15:00,Sep 28,6:15 PM ET,1d ago,away,Pittsburgh Steelers,-2.5,27.0,50.0,38.5,94.0,50.0,-145.0,57.0,75.0
2026-09-30T04:28:18,nfl,nfl_20261001_pittsburgh_steelers_cleveland_browns,20261001NFL00037,CIRCA,circa,change,25,2026-09-28T18:15:00,Sep 28,6:15 PM ET,1d ago,home,Cleveland Browns,2.5,73.0,50.0,38.5,6.0,50.0,125.0,43.0,25.0
2026-09-30T04:28:18,nfl,nfl_20261001_pittsburgh_steelers_cleveland_browns,20261001NFL00037,CIRCA,circa,change,26,2026-09-28T18:10:00,Sep 28,6:10 PM ET,1d ago,away,Pittsburgh Steelers,-2.5,27.0,50.0,38.5,94.0,50.0,-145.0,38.0,67.0
2026-09-30T04:28:18,nfl,nfl_20261001_pittsburgh_steelers_cleveland_browns,20261001NFL00037,CIRCA,circa,change,26,2026-09-28T18:10:00,Sep 28,6:10 PM ET,1d ago,home,Cleveland Browns,2.5,73.0,50.0,38.5,6.0,50.0,125.0,63.0,33.0
