timestamp,source,book,sport,game_id,gamecode,game_date,game_time,away_team,home_team,spread_line,spread_away_bets_pct,spread_home_bets_pct,spread_away_handle_pct,spread_home_handle_pct,total_line,total_over_bets_pct,total_under_bets_pct,total_over_handle_pct,total_under_handle_pct,ml_away_bets_pct,ml_home_bets_pct,ml_away_handle_pct,ml_home_handle_pct,spread_bets_handle_divergence,total_bets_handle_divergence,sharp_signal_spread,sharp_signal_total,spread_sharp_side,total_sharp_side,scrape_num,d_spread_line,d_spread_away_bets_pct,d_spread_home_bets_pct,d_spread_away_handle_pct,d_spread_home_handle_pct,d_total_line,d_total_over_bets_pct,d_total_under_bets_pct,d_total_over_handle_pct,d_total_under_handle_pct,d_ml_away_bets_pct,d_ml_home_bets_pct
2026-10-04T14:37:09.246140-04:00,vsin_dk,draftkings,nhl,nhl_20261004_winnipeg_jets_detroit_red_wings,20261004NHL00110,Oct 4,,Winnipeg Jets,Detroit Red Wings,-1.5,59.0,41.0,12.0,88.0,5.5,60.0,40.0,73.0,27.0,70.0,30.0,72.0,28.0,47.0,13.0,True,False,home,over,1,,,,,,,,,,,,
2026-10-04T14:37:09.246140-04:00,vsin_dk,draftkings,nhl,nhl_20261004_utah_mammoth_new_york_rangers,20261004NHL00095,Oct 4,,Utah Mammoth,New York Rangers,1.5,55.0,45.0,25.0,75.0,5.5,59.0,41.0,52.0,48.0,52.0,48.0,91.0,9.0,30.0,7.0,True,False,home,under,1,,,,,,,,,,,,
2026-10-04T14:37:09.246140-04:00,vsin_dk,draftkings,nhl,nhl_20261004_florida_panthers_anaheim_ducks,20261004NHL00118,Oct 4,,Florida Panthers,Anaheim Ducks,-1.5,47.0,53.0,60.0,40.0,6.5,58.0,42.0,70.0,30.0,80.0,20.0,47.0,53.0,13.0,12.0,False,False,away,over,1,,,,,,,,,,,,
2026-10-04T14:37:09.246140-04:00,vsin_dk,draftkings,nhl,nhl_20261004_calgary_flames_seattle_kraken,20261004NHL01845,Oct 4,,Calgary Flames,Seattle Kraken,1.5,61.0,39.0,33.0,67.0,5.5,71.0,29.0,87.0,13.0,12.0,88.0,14.0,86.0,28.0,16.0,True,True,home,over,1,,,,,,,,,,,,
2026-10-04T14:37:09.246140-04:00,vsin_dk,draftkings,nhl,nhl_20261004_vegas_golden_knights_vancouver_canucks,20261004NHL00117,Oct 4,,Vegas Golden Knights,Vancouver Canucks,-1.5,63.0,37.0,79.0,21.0,6.5,68.0,32.0,85.0,15.0,92.0,8.0,87.0,13.0,16.0,17.0,True,True,away,over,1,,,,,,,,,,,,
2026-10-04T14:37:09.246140-04:00,vsin_dk,draftkings,nhl,nhl_20261005_philadelphia_flyers_tampa_bay_lightning,20261005NHL00106,Oct 5,,Philadelphia Flyers,Tampa Bay Lightning,,0.0,0.0,0.0,0.0,5.5,0.0,100.0,0.0,100.0,0.0,100.0,0.0,100.0,,,,,,,1,,,,,,,,,,,,
2026-10-04T14:37:09.246140-04:00,vsin_dk,draftkings,nhl,nhl_20261005_winnipeg_jets_pittsburgh_penguins,20261005NHL00097,Oct 5,,Winnipeg Jets,Pittsburgh Penguins,,0.0,0.0,0.0,0.0,6.5,100.0,0.0,100.0,0.0,0.0,100.0,0.0,100.0,,,,,,,1,,,,,,,,,,,,
2026-10-04T14:37:09.246140-04:00,vsin_dk,draftkings,nhl,nhl_20261005_ottawa_senators_boston_bruins,20261005NHL00098,Oct 5,,Ottawa Senators,Boston Bruins,,0.0,0.0,0.0,0.0,5.5,0.0,100.0,0.0,100.0,0.0,100.0,0.0,100.0,,,,,,,1,,,,,,,,,,,,
2026-10-04T14:37:09.246140-04:00,vsin_dk,draftkings,nhl,nhl_20261006_carolina_hurricanes_montreal_canadiens,20261006NHL00100,Oct 6,,Carolina Hurricanes,Montreal Canadiens,-1.5,0.0,100.0,0.0,100.0,6.5,100.0,0.0,100.0,0.0,47.0,53.0,14.0,86.0,,,,,,,1,,,,,,,,,,,,
2026-10-04T14:37:09.246140-04:00,vsin_dk,draftkings,nhl,nhl_20261006_st_louis_blues_chicago_blackhawks,20261006NHL00108,Oct 6,,St. Louis Blues,Chicago Blackhawks,,0.0,0.0,0.0,0.0,5.5,100.0,0.0,100.0,0.0,56.0,44.0,98.0,2.0,,,,,,,1,,,,,,,,,,,,
2026-10-04T14:37:09.246140-04:00,vsin_dk,draftkings,nhl,nhl_20261006_florida_panthers_los_angeles_kings,20261006NHL00120,Oct 6,,Florida Panthers,Los Angeles Kings,-1.5,100.0,0.0,100.0,0.0,5.5,75.0,25.0,98.0,2.0,75.0,25.0,100.0,0.0,,23.0,,True,,over,1,,,,,,,,,,,,
2026-10-04T14:37:09.246140-04:00,vsin_dk,draftkings,nhl,nhl_20261007_pittsburgh_penguins_washington_capitals,20261007NHL00107,Oct 4,,Pittsburgh Penguins,Washington Capitals,1.5,100.0,0.0,100.0,0.0,6.5,100.0,0.0,100.0,0.0,25.0,75.0,93.0,7.0,,,,,,,1,,,,,,,,,,,,
2026-10-04T14:37:09.246140-04:00,vsin_dk,draftkings,nhl,nhl_20261008_philadelphia_flyers_ottawa_senators,20261008NHL00101,Oct 4,,Philadelphia Flyers,Ottawa Senators,1.5,100.0,0.0,100.0,0.0,5.5,50.0,50.0,6.0,94.0,67.0,33.0,2.0,98.0,,44.0,,True,,under,1,,,,,,,,,,,,
2026-10-04T14:37:09.246140-04:00,vsin_dk,draftkings,nhl,nhl_20261008_san_jose_sharks_st_louis_blues,20261008NHL00112,Oct 4,,San Jose Sharks,St. Louis Blues,-1.5,50.0,50.0,94.0,6.0,,0.0,0.0,0.0,0.0,75.0,25.0,50.0,50.0,44.0,,True,,away,,1,,,,,,,,,,,,
2026-10-04T14:37:09.246140-04:00,vsin_dk,draftkings,nhl,nhl_20261010_minnesota_wild_florida_panthers,20261010NHL00105,Oct 4,,Minnesota Wild,Florida Panthers,,0.0,0.0,0.0,0.0,,0.0,0.0,0.0,0.0,8.0,92.0,3.0,97.0,,,,,,,1,,,,,,,,,,,,
2026-10-04T14:37:29.467755-04:00,vsin_circa,circa,nhl,nhl_20261004_winnipeg_jets_detroit_red_wings,20261004NHL00110,Oct 4,,Winnipeg Jets,Detroit Red Wings,-1.5,0.0,100.0,0.0,100.0,5.5,33.0,67.0,1.0,99.0,43.0,57.0,91.0,9.0,,32.0,,True,,under,1,,,,,,,,,,,,
2026-10-04T14:37:29.467755-04:00,vsin_circa,circa,nhl,nhl_20261004_utah_mammoth_new_york_rangers,20261004NHL00095,Oct 4,,Utah Mammoth,New York Rangers,1.5,0.0,100.0,0.0,100.0,5.5,67.0,33.0,55.0,45.0,38.0,63.0,17.0,83.0,,12.0,,False,,under,1,,,,,,,,,,,,
2026-10-04T14:37:29.467755-04:00,vsin_circa,circa,nhl,nhl_20261004_florida_panthers_anaheim_ducks,20261004NHL00118,Oct 4,,Florida Panthers,Anaheim Ducks,-1.5,50.0,50.0,50.0,50.0,6.5,80.0,20.0,22.0,78.0,14.0,86.0,5.0,95.0,0.0,58.0,False,True,,under,1,,,,,,,,,,,,
2026-10-04T14:37:29.467755-04:00,vsin_circa,circa,nhl,nhl_20261004_calgary_flames_seattle_kraken,20261004NHL01845,Oct 4,,Calgary Flames,Seattle Kraken,1.5,0.0,100.0,0.0,100.0,5.5,100.0,0.0,100.0,0.0,33.0,67.0,0.0,100.0,,,,,,,1,,,,,,,,,,,,
2026-10-04T14:37:29.467755-04:00,vsin_circa,circa,nhl,nhl_20261004_vegas_golden_knights_vancouver_canucks,20261004NHL00117,Oct 4,,Vegas Golden Knights,Vancouver Canucks,-1.5,0.0,100.0,0.0,100.0,6.0,100.0,0.0,100.0,0.0,33.0,67.0,97.0,3.0,,,,,,,1,,,,,,,,,,,,
